comment_created_utc,sentiment_mean,comment_count,sentiment_std,sentiment_trend,near_event
2024-09-03,0.0039,2,1.4066,-0.20070000000000002,False
2024-09-04,-0.3371,3,1.144,-0.13961428571428572,False
2024-09-06,0.0131,2,1.3864,-0.42181428571428575,False
2024-09-09,-0.9838,2,0.0224,-0.10498888888888888,False
2024-09-11,0.1993,5,1.0917,-0.242825,False
2024-09-12,-0.9715,1,,-0.39574000000000004,False
2024-09-14,-0.9956,4,0.0044,-0.9910666666666667,False
2024-09-16,-0.9925,1,,-0.9850875000000001,False
2024-09-17,-0.9686,3,0.0485,-0.3149652173913044,False
2024-09-21,-0.1761,19,0.968,-0.2927228571428572,False
2024-09-23,-0.3072,13,0.9108,-0.23849038461538458,False
2024-09-24,-0.2531,20,0.9237,-0.236985294117647,False
2024-09-25,0.9981,1,,-0.15663599999999997,False
2024-09-26,0.037,4,1.0131,-0.3299770833333333,False
2024-09-27,-0.395,43,0.857,-0.4168918918918919,False
2024-09-28,-0.519,27,0.8344,-0.45057887323943663,False
2024-09-30,-0.9931,1,,-0.4852034482758621,False
2024-10-08,0.9352,1,,-0.509525,False
2024-10-09,-0.9901,2,0.013,-0.5105,False
2024-10-10,-0.997,1,,-0.994075,False
2024-10-12,-0.9991,1,,-0.3386,False
2024-10-15,0.9803,1,,-0.6077363636363636,False
2024-10-17,-0.7407,9,0.6563,-0.594111111111111,False
2024-10-18,-0.626,8,0.6081,-0.699845,False
2024-10-22,-0.7742,3,0.3866,-0.6529583333333333,False
2024-10-25,-0.5049,1,,-0.36992,False
2024-10-29,0.9779,1,,-0.685625,False
2024-10-30,-0.993,6,0.0052,-0.4445352941176471,False
2024-11-01,-0.2577,10,0.8631,-0.5608,True
2024-11-03,-0.9986,1,,-0.40271607142857146,True
2024-11-06,-0.4217,45,0.8983,-0.2008706521739131,True
2024-11-07,0.0325,46,0.9464,-0.23130916030534351,True
2024-11-08,-0.3205,40,0.9236,-0.16396875,True
2024-11-09,-0.4416,10,0.9026,-0.40365061728395063,True
2024-11-10,-0.4987,31,0.8375,-0.4349604166666667,True
2024-11-11,-0.1432,7,1.0654,-0.4207511111111111,True
2024-11-12,-0.3531,7,0.9121,0.08829393939393941,True
2024-11-13,0.3362,19,0.9305,0.06978928571428572,True
2024-11-14,-0.981,2,0.0103,0.20895384615384616,True
2024-11-15,0.2014,5,1.0905,-0.17220547945205478,False
2024-11-16,-0.176,66,0.9451,-0.15069270833333334,False
2024-11-17,-0.1543,25,0.979,-0.14402421052631578,False
2024-11-18,0.4478,4,0.9686,-0.08487222222222222,False
2024-11-19,-0.1413,7,1.0582,-0.3706763157894737,False
2024-11-20,-0.5514,27,0.7599,-0.3275280701754386,False
2024-11-21,-0.1214,23,0.9911,-0.417425,False
2024-11-23,-0.9493,6,0.0531,-0.314478431372549,False
2024-11-24,-0.3432,22,0.9269,-0.4302967741935484,False
2024-11-25,-0.031,3,0.9503,-0.33208076923076923,False
2024-11-26,-0.9907,1,,-0.41668000000000005,False
2024-11-27,-0.9997,1,,-0.5374,False
2024-11-28,-0.3848,6,0.9452,-0.28954545454545455,False
2024-12-01,-0.2041,15,0.865,-0.31742187499999996,False
2024-12-02,-0.4352,11,0.8124,-0.2906666666666667,False
2024-12-03,0.0007,1,,-0.23566363636363635,False
2024-12-07,-0.1424,21,1.0029,-0.08351296296296297,False
2024-12-08,-0.0475,32,0.9929,-0.10873650793650795,False
2024-12-09,-0.234,10,0.9876,-0.10134042553191489,False
2024-12-10,-0.1806,5,1.0567,-0.3081058823529412,False
2024-12-11,-0.9974,2,0.0011,-0.2832133333333333,False
2024-12-12,-0.1688,8,0.9194,-0.33846666666666664,False
2024-12-13,-0.3434,8,0.8841,-0.16346315789473687,False
2024-12-14,0.3306,3,1.1517,-0.13532307692307693,False
2024-12-16,-0.0019,2,1.408,0.3305833333333333,False
2024-12-17,0.9955,1,,-0.1104904761904762,False
2024-12-18,-0.184,18,0.974,-0.291521875,False
2024-12-19,-0.5394,13,0.8384,-0.20638055555555554,False
2024-12-20,0.5789,5,0.8825,-0.1486095238095238,False
2024-12-21,0.3323,3,1.1485,0.32139999999999996,False
2024-12-22,-0.9988,1,,-0.3329166666666667,False
2024-12-25,-0.9978,2,0.0021,-0.99495,False
2024-12-26,-0.9854,1,,-0.33038333333333336,False
2024-12-27,0.3329,3,1.1537,-0.09532000000000003,False
2024-12-28,-0.4899,1,,-0.09802000000000002,False
2024-12-30,-0.9989,1,,-0.10332857142857141,False
2025-01-01,0.1531,5,1.0532,0.10937142857142858,False
2025-01-04,0.999,1,,-0.23054464285714285,False
2025-01-06,-0.2935,50,0.9438,-0.20304225352112673,False
2025-01-07,-0.037,20,0.9817,-0.22784358974358973,False
2025-01-08,-0.2946,8,0.8731,-0.14052758620689657,False
2025-01-09,-0.9785,1,,-0.21082,False
2025-01-11,-0.0801,11,0.9674,-0.2197,False
2025-01-12,-0.9965,1,,-0.11725000000000001,False
2025-01-13,0.0004,4,1.1424,-0.3322333333333333,True
2025-01-14,-0.9985,1,,-0.3305166666666666,True
2025-01-15,-0.9862,1,,0.05193636363636361,True
2025-01-16,0.284,9,0.9645,0.04614615384615384,True
2025-01-17,-0.3233,3,1.1459,-0.3301085714285715,True
2025-01-20,-0.5713,23,0.7538,-0.5551851851851852,True
2025-01-21,-0.8802,1,,-0.6004640000000001,True
2025-01-22,-0.9915,1,,-0.39056250000000003,True
2025-01-23,-0.2088,6,0.9711,0.009293999999999993,True
2025-01-24,0.063,43,0.9535,0.0399328125,True
2025-01-25,0.0733,15,1.0059,0.04762881355932204,True
2025-01-26,-0.9984,1,,-0.4139806451612903,True
2025-01-27,-0.8623,15,0.5073,-0.694225,True
2025-01-28,0.0121,4,1.131,-0.2364725,False
2025-01-29,0.1632,21,0.9534,0.194,False
2025-01-30,0.3658,8,0.9062,0.171278125,False
2025-01-31,-0.2909,3,1.1185,0.15703846153846154,False
2025-02-01,-0.0061,2,1.3058,-0.13546428571428573,False
2025-02-02,-0.1124,9,1.0459,-0.16714166666666666,False
2025-02-03,-0.9819,1,,0.034449999999999995,False
2025-02-04,0.0929,40,0.9327,0.1737484375,False
2025-02-05,0.3646,23,0.8756,0.1862,True
2025-02-06,0.0006,2,1.413,0.24646666666666667,True
2025-02-07,-0.8662,2,0.1869,0.1167571428571429,True
2025-02-08,0.8495,3,0.2488,-0.19393999999999995,True
2025-02-09,-0.5511,5,0.8569,-0.14115714285714284,True
2025-02-10,-0.2121,13,0.9798,-0.23798000000000002,True
2025-02-11,0.3766,2,0.7952,-0.22833522727272726,True
2025-02-12,-0.2478,73,0.9259,-0.26125655737704917,True
2025-02-13,-0.3093,47,0.8978,-0.3191933734939759,True
2025-02-14,-0.4426,46,0.865,-0.3639230769230769,True
2025-02-15,-0.2683,11,0.9665,-0.3646807228915663,True
2025-02-16,-0.2676,26,0.9486,-0.5104130952380953,True
2025-02-17,-0.7014,47,0.6953,-0.5498930232558139,True
2025-02-18,-0.5538,56,0.765,-0.5255932692307692,True
2025-02-19,-0.4785,209,0.8363,-0.4991224438902743,True
2025-02-20,-0.5083,136,0.794,-0.4072037199124727,False
2025-02-21,-0.1514,112,0.9079,-0.35510571428571425,True
2025-02-22,-0.417,32,0.8406,-0.23386201117318436,True
2025-02-24,-0.3303,35,0.8877,-0.23857967479674796,True
2025-02-25,-0.0793,56,0.944,-0.1495470588235294,True
2025-02-26,-0.0641,28,0.9887,-0.15681532846715326,True
2025-02-27,-0.2877,53,0.9124,-0.33598070539419084,True
2025-02-28,-0.3475,883,0.8842,-0.3300789870689655,True
2025-03-01,-0.3158,920,0.8936,-0.3418936419125127,True
2025-03-02,-0.4588,163,0.8352,-0.3484600474683544,True
2025-03-03,-0.4151,181,0.8543,-0.46972895238095236,True
2025-03-04,-0.5342,181,0.7756,-0.41627687500000005,True
2025-03-05,-0.2372,118,0.9144,-0.42754115138592746,True
2025-03-06,-0.4461,170,0.8099,-0.34237920227920227,True
2025-03-07,-0.2595,63,0.8878,-0.33591279069767443,True
2025-03-08,0.2208,25,0.9253,-0.26305,True
2025-03-09,-0.6254,34,0.6829,-0.34655942028985504,True
2025-03-10,-0.8169,10,0.5578,-0.4014656565656565,True
2025-03-11,-0.1875,55,0.9403,-0.30428961038961044,True
2025-03-12,-0.4124,12,0.8828,-0.2870268817204301,True
2025-03-13,-0.4397,26,0.8794,-0.4996676923076923,True
2025-03-14,-0.5962,27,0.7696,-0.5657078125,True
2025-03-15,-0.7887,11,0.5442,-0.6301690476190476,True
2025-03-16,-0.4235,4,0.8658,-0.3680023255813953,True
2025-03-17,-0.1948,28,0.9376,-0.33095949367088606,True
2025-03-18,-0.4042,47,0.8072,-0.45092380952380956,True
2025-03-19,-0.6346,51,0.681,-0.5118737373737373,False
2025-03-20,0.6865,1,,-0.6322912280701756,False
2025-03-21,-0.8725,5,0.1635,-0.5831260869565217,False
2025-03-22,-0.5727,17,0.7567,-0.5303914893617021,False
2025-03-23,-0.4332,25,0.8492,-0.5229133333333333,False
2025-03-24,-0.9884,3,0.0133,-0.45252,False
2025-03-25,-0.4014,22,0.8722,-0.3847354838709677,False
2025-03-26,-0.0218,6,1.0664,-0.3876047619047619,False
2025-03-27,-0.5227,14,0.8132,-0.34358124999999995,False
2025-03-28,-0.2955,12,0.9407,-0.4181870967741935,False
2025-03-29,-0.42,5,0.8557,-0.19499999999999992,False
2025-03-30,0.9705,2,0.012,-0.41870454545454544,False
2025-03-31,-0.6035,15,0.7997,-0.6342302325581395,False
2025-04-01,-0.7754,26,0.5885,-0.7308977272727272,False
2025-04-02,-0.9822,3,0.0188,-0.35145238095238085,False
2025-04-04,0.642,13,0.7106,0.07735,False
2025-04-05,-0.9631,4,0.0629,0.060800000000000035,False
2025-04-06,-0.3717,8,0.9148,-0.4865142857142856,False
2025-04-07,0.0074,2,1.4004,-0.3540285714285713,False
2025-04-08,-0.4994,4,0.9921,-0.5506777777777777,False
2025-04-09,-0.9911,3,0.0088,-0.7779142857142857,False
2025-04-11,-0.8457,7,0.3733,-0.8966727272727272,False
2025-04-12,-0.9702,1,,-0.8872099999999999,False
2025-04-13,-0.991,2,0.0057,-0.5198972222222222,False
2025-04-14,-0.4777,33,0.8452,-0.5818516666666668,False
2025-04-15,-0.6866,25,0.6611,-0.48639861111111116,False
2025-04-16,-0.1494,14,1.001,-0.3915508771929825,False
2025-04-17,-0.1701,18,0.9305,-0.19989487179487178,False
2025-04-18,-0.3775,7,0.942,-0.35163571428571433,False
2025-04-19,-0.5332,17,0.8499,-0.3513129032258065,True
2025-04-20,0.1166,7,0.9857,-0.3659333333333334,True
2025-04-22,-0.544,3,0.509,-0.37750000000000006,True
2025-04-23,-0.5008,24,0.851,-0.48265892857142856,True
2025-04-24,-0.4613,29,0.8288,-0.36873098591549297,True
2025-04-25,-0.0435,18,0.9652,-0.1895421875,True
2025-04-26,-0.1247,81,0.9538,-0.062072727272727266,True
2025-04-27,0.3687,11,0.8984,-0.1674568965517241,True
2025-04-28,-0.5575,24,0.773,-0.37797600000000003,True
2025-04-29,-0.6383,15,0.7227,-0.6133214285714287,True
2025-04-30,-0.935,3,0.1053,-0.5041653846153846,True
2025-05-01,-0.0911,8,0.9843,-0.11835384615384617,True
2025-05-02,0.9976,2,0.001,-0.1951413793103448,True
2025-05-03,-0.3645,19,0.942,-0.22095964912280702,True
2025-05-04,-0.2129,36,0.9019,-0.12211159420289856,False
2025-05-05,0.4403,14,0.8967,0.021083606557377045,False
2025-05-06,0.2533,11,0.9927,-0.019208108108108135,False
2025-05-07,-0.8051,12,0.5536,-0.37968846153846153,False
2025-05-10,-0.999,3,0.0005,-0.45791914893617025,False
2025-05-11,-0.277,32,0.8863,-0.33855526315789475,False
2025-05-12,-0.3347,3,1.1454,-0.2695292682926829,True
2025-05-13,-0.1971,6,0.9335,-0.5336728813559322,True
2025-05-14,-0.586,50,0.7447,-0.45711282051282043,True
2025-05-15,-0.2351,22,0.9489,-0.48329999999999995,True
2025-05-16,-0.646,2,0.4333,-0.23528064516129044,True
2025-05-17,-0.1185,7,0.9684,-0.16530681818181828,True
2025-05-18,-0.1472,35,0.9498,-0.258339705882353,True
2025-05-19,-0.4456,26,0.8782,-0.3444987012987013,True
2025-05-20,-0.6118,16,0.681,-0.5568941176470589,True
2025-05-21,-0.7808,9,0.6409,-0.7290000000000001,True
2025-05-22,-0.8699,10,0.3161,-0.8116761904761907,True
2025-05-25,-0.6595,2,0.4732,-0.8659444444444445,True
2025-05-26,-0.8815,24,0.4111,-0.7451105263157894,True
2025-05-27,-0.4866,12,0.734,-0.6329933333333334,False
2025-05-28,-0.1655,9,0.9873,-0.4301500000000001,False
2025-05-30,-0.9983,3,0.0013,-0.4686600000000002,False
2025-05-31,-0.6111,8,0.6937,-0.17498648648648657,False
2025-06-01,0.0542,26,0.9916,-0.21037560975609762,False
2025-06-02,-0.2869,48,0.9226,-0.20061647058823537,False
2025-06-03,-0.4264,11,0.8247,-0.2870571428571429,False
2025-06-04,-0.2539,46,0.9148,-0.3520458333333334,False
2025-06-05,-0.5985,15,0.8127,-0.3177246153846155,False
2025-06-06,0.0012,4,1.1497,-0.4445218750000002,False
2025-06-07,-0.404,13,0.9148,-0.3244000000000002,False
2025-06-08,-0.3913,4,0.9396,-0.43412222222222246,False
2025-06-09,-0.997,1,,-0.7551200000000003,False
2025-06-10,-0.9978,5,0.0018,-0.4779090909090912,False
2025-06-12,0.1458,5,1.0256,-0.4278000000000002,False
2025-06-13,-0.4298,9,0.8582,-0.19736250000000025,False
2025-06-14,-0.0093,2,1.3969,-0.4409333333333336,False
2025-06-16,-0.6818,4,0.4675,-0.5981666666666668,False
2025-06-17,-0.6333,24,0.7548,-0.5278545454545456,False
2025-06-18,-0.3312,16,0.9077,-0.5693480000000001,False
2025-06-19,-0.7969,10,0.6286,-0.48387692307692315,False
2025-06-20,-0.431,13,0.855,-0.5596031250000002,False
2025-06-21,-0.4817,9,0.8449,-0.5473880952380954,False
2025-06-22,-0.6526,20,0.7213,-0.5585466666666667,False
2025-06-23,0.6309,1,,-0.4571166666666668,False
2025-06-24,-0.1436,9,1.0144,-0.2662089285714286,False
2025-06-25,-0.3097,46,0.9303,-0.30509180327868857,False
2025-06-26,-0.512,6,0.7783,-0.15321818181818184,False
2025-06-27,0.5147,14,0.8231,0.23011904761904747,False
2025-06-28,0.6987,1,,0.34764117647058806,False
2025-06-29,-0.9973,2,0.0009,-0.1472000000000009,False
2025-06-30,0.7071,1,,-0.42916666666666786,False
