dataset,event_index,event_name,event_date,window_days,before_mean,before_count,after_mean,after_count,change,p_value,significance
Reddit - Sentiment Pace,1,1) Elezione Trump,2024-11-07,3,-0.4162143266495363,54,-0.38075935267485106,104,0.03545497397468522,0.8053109410087894,n.s.
Reddit - Sentiment Pace,1,1) Elezione Trump,2024-11-07,7,-0.41577111241363346,70,-0.3470020026193051,177,0.06876910979432838,0.5689810958390178,n.s.
Reddit - Sentiment Pace,1,1) Elezione Trump,2024-11-07,14,-0.39472812633643783,86,-0.352444151835253,295,0.04228397450118482,0.689454877603517,n.s.
Reddit - Sentiment Pace,2,2) Insediamento Trump,2025-01-20,3,-0.3257047235965729,6,-0.4984559514237649,53,-0.17275122782719204,0.7039142819623635,n.s.
Reddit - Sentiment Pace,2,2) Insediamento Trump,2025-01-20,7,-0.5719230961799622,25,-0.4071778157435426,109,0.16474528043641956,0.3661768876908267,n.s.
Reddit - Sentiment Pace,2,2) Insediamento Trump,2025-01-20,14,-0.43402916863560675,80,-0.46445754873832873,198,-0.030428380102721975,0.7913449480445793,n.s.
Reddit - Sentiment Pace,3,3) Trump telefona Putin,2025-02-12,3,-0.17987559291354396,38,-0.4867982723581122,202,-0.3069226794445682,0.06731059153956763,n.s.
Reddit - Sentiment Pace,3,3) Trump telefona Putin,2025-02-12,7,-0.2824027200263959,72,-0.4845402876748925,420,-0.2021375676484966,0.07964670590282225,n.s.
Reddit - Sentiment Pace,3,3) Trump telefona Putin,2025-02-12,14,-0.36712131151921634,158,-0.4089571852136642,792,-0.041835873694447856,0.5824581972422884,n.s.
Reddit - Sentiment Pace,4,4) Incontro Trump-Zelensky-Vance,2025-02-28,3,-0.40789993836381344,59,-0.5166256113170363,458,-0.10872567295322288,0.35899622929509567,n.s.
Reddit - Sentiment Pace,4,4) Incontro Trump-Zelensky-Vance,2025-02-28,7,-0.3465269069451128,173,-0.46282215565024637,831,-0.11629524870513358,0.10725528608124929,n.s.
Reddit - Sentiment Pace,4,4) Incontro Trump-Zelensky-Vance,2025-02-28,14,-0.39473012863385554,660,-0.4734502039145594,1245,-0.07872007528070385,0.0535797333117422,n.s.
Reddit - Sentiment Pace,5,5) Sospensione aiuti militari,2025-03-03,3,-0.5166256113170363,458,-0.4056003387262619,306,0.11102527259077444,0.06683022684752207,n.s.
Reddit - Sentiment Pace,5,5) Sospensione aiuti militari,2025-03-03,7,-0.4951241766084351,544,-0.40681383859456577,522,0.08831033801386934,0.0820082137575367,n.s.
Reddit - Sentiment Pace,5,5) Sospensione aiuti militari,2025-03-03,14,-0.44218960178215994,1026,-0.44653123084311336,860,-0.0043416290609534225,0.9100892496398901,n.s.
Reddit - Sentiment Pace,6,6) Cessate fuoco 30gg + ripristino aiuti,2025-03-11,3,-0.516566526100916,68,-0.5307621741757441,262,-0.014195648074828093,0.8962062391227911,n.s.
Reddit - Sentiment Pace,6,6) Cessate fuoco 30gg + ripristino aiuti,2025-03-11,7,-0.35056334499225605,394,-0.497754474348304,352,-0.14719112935604795,0.016247263846062655,*
Reddit - Sentiment Pace,6,6) Cessate fuoco 30gg + ripristino aiuti,2025-03-11,14,-0.45532812917758775,1042,-0.5286694563884431,669,-0.07334132721085534,0.06458007516066504,n.s.
Reddit - Sentiment Pace,7,7) Incontro Trump-Zelensky (funerale Papa),2025-04-26,3,-0.5736314147953095,123,-0.45122475097576775,60,0.1224066638195418,0.3422304635708121,n.s.
Reddit - Sentiment Pace,7,7) Incontro Trump-Zelensky (funerale Papa),2025-04-26,7,-0.568537448114459,184,-0.42300031427109597,101,0.1455371338433631,0.1522859655625768,n.s.
Reddit - Sentiment Pace,7,7) Incontro Trump-Zelensky (funerale Papa),2025-04-26,14,-0.5624587409235913,264,-0.4799664316044914,150,0.0824923093190999,0.31606210278752,n.s.
Reddit - Sentiment Pace,8,8) Seconda telefonata Trump-Putin,2025-05-19,3,-0.17953635877684546,38,-0.6143061209470033,80,-0.43476976217015784,0.012379679277167616,*
Reddit - Sentiment Pace,8,8) Seconda telefonata Trump-Putin,2025-05-19,7,-0.5417744381207946,141,-0.6257366890708606,120,-0.08396225095006593,0.36879462163619936,n.s.
Reddit - Sentiment Pace,8,8) Seconda telefonata Trump-Putin,2025-05-19,14,-0.5112445141292281,216,-0.48545750277413346,187,0.025787011355094647,0.749235235457737,n.s.
YouTube - Sentiment Pace,1,1) Elezione Trump,2024-11-07,3,-0.006609934568405118,10,0.2319139719009399,5,0.23852390646934502,0.682143645061228,n.s.
YouTube - Sentiment Pace,1,1) Elezione Trump,2024-11-07,7,-0.17149492601553595,12,0.029620726903279587,6,0.20111565291881553,0.7045951812710558,n.s.
YouTube - Sentiment Pace,1,1) Elezione Trump,2024-11-07,14,0.04529529958963395,20,-0.14570725247973487,21,-0.19100255206936884,0.5354315588377443,n.s.
YouTube - Sentiment Pace,2,2) Insediamento Trump,2025-01-20,3,-0.9978739619255066,2,0.9905409514904022,2,1.9884149134159088,2.320496381194267e-05,***
YouTube - Sentiment Pace,2,2) Insediamento Trump,2025-01-20,7,0.1216610140270657,9,0.7536003179848194,16,0.6319393039577537,0.11443723076509434,n.s.
YouTube - Sentiment Pace,2,2) Insediamento Trump,2025-01-20,14,0.13996641273083893,23,0.25296270102262497,40,0.11299628829178604,0.650817714215604,n.s.
YouTube - Sentiment Pace,3,3) Trump telefona Putin,2025-02-12,3,-0.06546561013568532,22,-0.10198549207820687,155,-0.03651988194252155,0.8719471242562477,n.s.
YouTube - Sentiment Pace,3,3) Trump telefona Putin,2025-02-12,7,0.0645017343408921,34,-0.12507581816454785,347,-0.18957755250543995,0.28079956836738423,n.s.
YouTube - Sentiment Pace,3,3) Trump telefona Putin,2025-02-12,14,0.07067436233479926,47,-0.144171318657258,765,-0.21484568099205725,0.13530469267841802,n.s.
YouTube - Sentiment Pace,4,4) Incontro Trump-Zelensky-Vance,2025-02-28,3,-0.1081856567826536,120,-0.28358003726723247,1792,-0.17539438048457887,0.05432944420314296,n.s.
YouTube - Sentiment Pace,4,4) Incontro Trump-Zelensky-Vance,2025-02-28,7,-0.10994986203139959,293,-0.2833470233604274,2133,-0.1733971613290278,0.003779622040875778,**
YouTube - Sentiment Pace,4,4) Incontro Trump-Zelensky-Vance,2025-02-28,14,-0.1418432642031211,706,-0.2867977409885542,2275,-0.1449544767854331,0.000360396433234469,***
YouTube - Sentiment Pace,5,5) Sospensione aiuti militari,2025-03-03,3,-0.28358003726723247,1792,-0.32786203470187997,302,-0.0442819974346475,0.4243816528474287,n.s.
YouTube - Sentiment Pace,5,5) Sospensione aiuti militari,2025-03-03,7,-0.26765792548904777,1966,-0.2818564683292207,426,-0.014198542840172912,0.7699297510490384,n.s.
YouTube - Sentiment Pace,5,5) Sospensione aiuti militari,2025-03-03,14,-0.2518162829453282,2421,-0.2639025074524292,552,-0.012086224507101007,0.7786434606654609,n.s.
YouTube - Sentiment Pace,6,6) Cessate fuoco 30gg + ripristino aiuti,2025-03-11,3,-0.033761858230545394,42,-0.5628929458013395,41,-0.5291310875707942,0.007522100737452573,**
YouTube - Sentiment Pace,6,6) Cessate fuoco 30gg + ripristino aiuti,2025-03-11,7,-0.19754588666649145,317,-0.21149192818965035,116,-0.013946041523158897,0.8892483879725486,n.s.
YouTube - Sentiment Pace,6,6) Cessate fuoco 30gg + ripristino aiuti,2025-03-11,14,-0.27288382701148023,2354,-0.15911918466515612,176,0.11376464234632411,0.11879194746004325,n.s.
YouTube - Sentiment Pace,7,7) Incontro Trump-Zelensky (funerale Papa),2025-04-26,3,-0.4603058716707062,76,0.03349925622795568,77,0.4938051278986619,0.0009789058563675543,***
YouTube - Sentiment Pace,7,7) Incontro Trump-Zelensky (funerale Papa),2025-04-26,7,-0.35285667440165636,115,-0.042398867507775634,116,0.3104578068938807,0.011829737705591273,*
YouTube - Sentiment Pace,7,7) Incontro Trump-Zelensky (funerale Papa),2025-04-26,14,-0.20636927791557536,197,-0.08893123273834276,209,0.1174380451772326,0.21242055289746148,n.s.
YouTube - Sentiment Pace,8,8) Seconda telefonata Trump-Putin,2025-05-19,3,-0.4441745364084476,41,-0.3748055433714262,31,0.06936899303702143,0.7405821426672048,n.s.
YouTube - Sentiment Pace,8,8) Seconda telefonata Trump-Putin,2025-05-19,7,-0.4956823093744327,83,-0.23852297107851697,84,0.25715933829591575,0.06099591306278356,n.s.
YouTube - Sentiment Pace,8,8) Seconda telefonata Trump-Putin,2025-05-19,14,-0.35956951918057456,180,-0.11867971614003184,200,0.24088980304054272,0.010445235192413343,*
