dataset,event,date,sentiment_before,sentiment_after,change,comments_before,comments_after,p_value,significant
Reddit RELEVANCE,1) Trump elected,2024-11-07,-0.5689805374426,-0.49154927154031747,0.07743126590228255,425,1985,0.07926322624087259,False
Reddit RELEVANCE,2) Trump inauguration,2025-01-20,-0.5273180004130018,-0.5011577331882039,0.026160267224797917,470,1471,0.5483626133097688,False
Reddit RELEVANCE,3) Trump calls Putin,2025-02-12,-0.4991982981924839,-0.541779064159004,-0.04258076596652011,1193,4165,0.10697660682318436,False
Reddit RELEVANCE,4) Trump-Zelensky-Vance meeting,2025-02-28,-0.4570596373316863,-0.4927150228602738,-0.03565538552858749,2934,9735,0.04268519981451288,True
Reddit RELEVANCE,5) Suspension of military aid,2025-03-03,-0.4612194448430721,-0.5195995488676353,-0.05838010402456317,6949,5409,0.00011218540951543245,True
Reddit RELEVANCE,6) 30-day ceasefire + aid restored,2025-03-11,-0.5131215148051986,-0.5090173926951883,0.004104122110010322,4298,2502,0.8419776055859037,False
Reddit RELEVANCE,7) Trump-Zelensky meeting (Pope funeral),2025-04-26,-0.5689148324908633,-0.5461751983869796,0.022739634103883688,1122,1490,0.4665968481813796,False
Reddit RELEVANCE,8) Second Trump-Putin call,2025-05-19,-0.5530805138030199,-0.5610439347320268,-0.007963420929006926,937,1562,0.8066810856429696,False
YouTube,1) Trump elected,2024-11-07,-0.2507488964235081,-0.3962179927990354,-0.1454690963755273,68,145,0.2703203337560571,False
YouTube,2) Trump inauguration,2025-01-20,-0.31353804371573707,0.009399512075000983,0.3229375557907381,275,329,3.434843849577409e-05,True
YouTube,3) Trump calls Putin,2025-02-12,-0.21383411607711145,-0.24548423656682844,-0.03165012048971699,612,2993,0.44584553407394334,False
YouTube,4) Trump-Zelensky-Vance meeting,2025-02-28,-0.20811323105833912,-0.38905195886469446,-0.18093872780635534,3275,19637,3.374382890093487e-27,True
YouTube,5) Suspension of military aid,2025-03-03,-0.38384846173436027,-0.3251701327301267,0.05867832900423359,16882,3790,0.0002230874473680779,True
YouTube,6) 30-day ceasefire + aid restored,2025-03-11,-0.25943250748476454,-0.32598380308683966,-0.06655129560207512,2543,913,0.061291268527252765,False
YouTube,7) Trump-Zelensky meeting (Pope funeral),2025-04-26,-0.271891551656705,-0.1868786491551825,0.08501290250152246,1056,1366,0.027090491240901904,True
YouTube,8) Second Trump-Putin call,2025-05-19,-0.4863349748347028,-0.3285132159237508,0.15782175891095196,761,1080,0.00017047499870060227,True
