dataset,event,date,sentiment_before,sentiment_after,change,comments_before,comments_after,p_value,significant
Reddit RELEVANCE,1) Elezione Trump,2024-11-07,-0.5322496785837061,-0.4268014232097338,0.10544825537397229,17,902,0.6180064183521141,False
Reddit RELEVANCE,2) Insediamento Trump,2025-01-20,-0.3434040687300942,-0.5696928673611455,-0.22628879863105134,55,546,0.04434319600858298,True
Reddit RELEVANCE,3) Trump telefona Putin,2025-02-12,-0.5161949531598524,-0.5368974229575864,-0.020702469797733936,550,2155,0.5904945135518639,False
Reddit RELEVANCE,4) Incontro Trump-Zelensky-Vance,2025-02-28,-0.48533977441439013,-0.4735674450983478,0.01177232931604233,1176,5688,0.6621040128548503,False
Reddit RELEVANCE,5) Sospensione aiuti militari,2025-03-03,-0.46143966275895354,-0.5075331571404976,-0.04609349438154409,4938,3283,0.014640075086916332,True
Reddit RELEVANCE,6) Cessate fuoco 30gg + ripristino aiuti,2025-03-11,-0.5268823960605933,-0.518874007403551,0.008008388657042231,588,1592,0.8378786522391357,False
Reddit RELEVANCE,7) Incontro Trump-Zelensky (funerale Papa),2025-04-26,-0.5899666329156156,-0.4815222537755287,0.10844437914008687,867,702,0.0075166246827529926,True
Reddit RELEVANCE,8) Seconda telefonata Trump-Putin,2025-05-19,-0.5103039728558582,-0.5345416970273859,-0.024237724171527697,230,914,0.6840462823991393,False
YouTube,1) Elezione Trump,2024-11-07,-0.21107445333314978,-0.40536726216475166,-0.19429280883160188,23,60,0.37612885937204166,False
YouTube,2) Insediamento Trump,2025-01-20,-0.6294480630507072,-0.2768054213788774,0.3526426416718298,96,90,0.004606225500599072,True
YouTube,3) Trump telefona Putin,2025-02-12,-0.1919859328183783,-0.29226783647871857,-0.10028190366034026,332,1425,0.07519046475662088,False
YouTube,4) Incontro Trump-Zelensky-Vance,2025-02-28,-0.2876432717384522,-0.4225959197085627,-0.13495264797011047,997,18193,1.4110957027269017e-06,True
YouTube,5) Sospensione aiuti militari,2025-03-03,-0.42192424507503734,-0.3950484402358104,0.026875804839226913,16332,2927,0.11918419797114045,False
YouTube,6) Cessate fuoco 30gg + ripristino aiuti,2025-03-11,-0.20786471920354024,-0.4696644535771123,-0.26179973437357207,280,270,0.0006391506910229628,True
YouTube,7) Incontro Trump-Zelensky (funerale Papa),2025-04-26,-0.4380604273199771,-0.25508216298989717,0.1829782643300799,451,822,0.0005598475572556717,True
YouTube,8) Seconda telefonata Trump-Putin,2025-05-19,-0.3447938894325832,-0.38408121227482217,-0.03928732284223896,265,324,0.5969022143496734,False
